city,startup_count,funding_crore,industry_count,investor_count,growth,startup_score,funding_score,industry_score,investor_score,growth_score,hotspot_score,rank
Bengaluru,972,253827.8,54,1120,0,1.0,1.0,1.0,1.0,1,100.0,1
Mumbai,638,122133.83,49,686,0,0.6560247167868177,0.48116805960576425,0.9056603773584906,0.6125,1,68.83,2
Delhi,498,47792.6,47,488,0,0.5118434603501545,0.1882874925441579,0.8679245283018868,0.4357142857142857,1,53.38,3
Gurugram,368,85849.09999999999,44,479,0,0.3779608650875386,0.33821787841993667,0.8113207547169812,0.4276785714285714,1,52.93,4
Chennai,131,20370.76,27,150,0,0.13388259526261587,0.08025425111039847,0.49056603773584906,0.13392857142857142,1,30.12,5
Pune,136,13240.93,26,145,0,0.13903192584963955,0.05216501108231644,0.4716981132075472,0.12946428571428573,1,29.11,6
Noida,112,11011.32,30,124,0,0.11431513903192585,0.043381063855101765,0.5471698113207547,0.11071428571428571,1,29.05,7
Hyderabad,131,10072.53,28,118,0,0.13388259526261587,0.03968253280373545,0.5094339622641509,0.10535714285714286,1,28.9,8
Ahmedabad,47,4012.81,19,53,0,0.04737384140061792,0.015809182445736834,0.33962264150943394,0.04732142857142857,1,22.46,9
Jaipur,45,6952.7,18,45,0,0.04531410916580844,0.027391404723990043,0.32075471698113206,0.04017857142857143,1,22.39,10
Kolkata,36,6164.34,16,32,0,0.03604531410916581,0.024285519553019805,0.2830188679245283,0.02857142857142857,1,21.34,11
Indore,18,536.64,11,19,0,0.017507723995880537,0.002114189225924032,0.18867924528301888,0.016964285714285713,1,18.59,12
Haryana,9,5444.780000000001,9,3,0,0.008238928939237899,0.02145068428280906,0.1509433962264151,0.0026785714285714286,1,18.18,13
Chandigarh,12,405.58,9,15,0,0.01132852729145211,0.0015978549236923614,0.1509433962264151,0.013392857142857142,1,17.79,14
Thane,5,7921.68,5,6,0,0.004119464469618949,0.031208874678029755,0.07547169811320754,0.005357142857142857,1,17.25,15
Goa,10,63.64,7,12,0,0.009268795056642637,0.00025072115820252945,0.11320754716981132,0.010714285714285714,1,17.09,16
Kochi,9,239.65,7,8,0,0.008238928939237899,0.0009441440220495943,0.11320754716981132,0.007142857142857143,1,17.05,17
Vadodara,11,64.14,6,13,0,0.010298661174047374,0.0002526909975975839,0.09433962264150944,0.011607142857142858,1,16.85,18
Jodhpur,3,8493.32,3,5,0,0.0020597322348094747,0.0334609526616076,0.03773584905660377,0.004464285714285714,1,16.68,19
Coimbatore,7,40.15,6,6,0,0.006179196704428424,0.00015817810342287172,0.09433962264150944,0.005357142857142857,1,16.66,20
Bhopal,6,27.58,6,4,0,0.005149330587023687,0.00010865634103120304,0.09433962264150944,0.0035714285714285713,1,16.61,21
Kanpur,6,44.82,4,5,0,0.005149330587023687,0.00017657640337268024,0.05660377358490566,0.004464285714285714,1,16.05,22
Belgaum,3,514.13,3,2,0,0.0020597322348094747,0.002025507056358681,0.03773584905660377,0.0017857142857142857,1,15.71,23
Bhubaneswar,3,271.75,3,3,0,0.0020597322348094747,0.0010706077112120896,0.03773584905660377,0.0026785714285714286,1,15.69,24
Trivandrum,3,166.83,3,3,0,0.0020597322348094747,0.0006572566125538653,0.03773584905660377,0.0026785714285714286,1,15.67,25
Bangaluru,4,13.0,3,0,0,0.003089598352214212,5.12158242714155e-05,0.03773584905660377,0.0,1,15.66,26
Kalpakkam,1,2100.0,2,0,0,0.0,0.008273325459228658,0.018867924528301886,0.0,1,15.53,27
Ghaziabad,4,41.51,2,1,0,0.003089598352214212,0.0001635360665774198,0.018867924528301886,0.0008928571428571428,1,15.39,28
Faridabad,2,373.25,2,1,0,0.0010298661174047373,0.0014704851084081413,0.018867924528301886,0.0008928571428571428,1,15.37,29
Nagpur,3,1.18,2,3,0,0.0020597322348094747,4.648820972328484e-06,0.018867924528301886,0.0026785714285714286,1,15.37,30
Andheri,2,179.13,2,1,0,0.0010298661174047373,0.0007057146616722045,0.018867924528301886,0.0008928571428571428,1,15.34,31
Udupi,2,99.0,2,2,0,0.0010298661174047373,0.0003900282002207796,0.018867924528301886,0.0017857142857142857,1,15.34,32
Cochin,2,25.0,2,1,0,0.0010298661174047373,9.849196975272212e-05,0.018867924528301886,0.0008928571428571428,1,15.33,33
Panaji,2,6.81,2,2,0,0.0010298661174047373,2.6829212560641506e-05,0.018867924528301886,0.0017857142857142857,1,15.33,34
Lucknow,2,8.25,2,1,0,0.0010298661174047373,3.25023500183983e-05,0.018867924528301886,0.0008928571428571428,1,15.32,35
Kota,2,0.02,2,1,0,0.0010298661174047373,7.87935758021777e-08,0.018867924528301886,0.0008928571428571428,1,15.32,36
Patna,2,596.0,1,2,0,0.0010298661174047373,0.0023480485589048956,0.0,0.0017857142857142857,1,15.12,37
Surat,2,298.9,1,2,0,0.0010298661174047373,0.0011775699903635456,0.0,0.0017857142857142857,1,15.08,38
Surabardi,1,378.0,1,3,0,0.0,0.0014891985826611586,0.0,0.0026785714285714286,1,15.07,39
Agra,2,0.0,1,2,0,0.0010298661174047373,0.0,0.0,0.0017857142857142857,1,15.05,40
Taramani,1,314.16,1,1,0,0.0,0.0012376894887006075,0.0,0.0008928571428571428,1,15.05,41
Hubli,2,0.0,1,2,0,0.0010298661174047373,0.0,0.0,0.0017857142857142857,1,15.05,42
Alleppey,1,222.2,1,0,0,0.0,0.0008753966271621942,0.0,0.0,1,15.03,43
Udaipur,1,4.13,1,2,0,0.0,1.6270873403149695e-05,0.0,0.0017857142857142857,1,15.02,44
Dhingsara,1,66.0,1,1,0,0.0,0.0002600188001471864,0.0,0.0008928571428571428,1,15.02,45
Siliguri,1,49.5,1,2,0,0.0,0.0001950141001103898,0.0,0.0017857142857142857,1,15.02,46
Amritsar,1,2.48,1,1,0,0.0,9.770403399470035e-06,0.0,0.0008928571428571428,1,15.01,47
Uttar Pradesh,1,0.0,1,1,0,0.0,0.0,0.0,0.0008928571428571428,1,15.01,48
Tirunelveli,1,42.0,1,1,0,0.0,0.00016546650918457316,0.0,0.0008928571428571428,1,15.01,49
Chembur,1,2.64,1,1,0,0.0,1.0400752005887457e-05,0.0,0.0008928571428571428,1,15.01,50
Kancheepuram,1,0.0,1,1,0,0.0,0.0,0.0,0.0008928571428571428,1,15.01,51
Gwalior,1,4.13,1,1,0,0.0,1.6270873403149695e-05,0.0,0.0008928571428571428,1,15.01,52
Azadpur,1,0.0,1,1,0,0.0,0.0,0.0,0.0008928571428571428,1,15.01,53
Gaya,1,49.5,1,1,0,0.0,0.0001950141001103898,0.0,0.0008928571428571428,1,15.01,54
Karur,1,0.0,1,1,0,0.0,0.0,0.0,0.0008928571428571428,1,15.01,55
Warangal,1,0.0,1,1,0,0.0,0.0,0.0,0.0008928571428571428,1,15.01,56
Varanasi,1,0.43,1,1,0,0.0,1.6940618797468206e-06,0.0,0.0008928571428571428,1,15.01,57
Srinagar,1,0.0,1,1,0,0.0,0.0,0.0,0.0008928571428571428,1,15.01,58
Secunderabad,1,0.0,1,1,0,0.0,0.0,0.0,0.0008928571428571428,1,15.01,59
Kerala,1,0.22,1,1,0,0.0,8.667293338239547e-07,0.0,0.0008928571428571428,1,15.01,60
Kozhikode,1,0.0,1,1,0,0.0,0.0,0.0,0.0008928571428571428,1,15.01,61
Kurawar,1,3.0,1,1,0,0.0,1.1819036370326655e-05,0.0,0.0008928571428571428,1,15.01,62
Mussoorie,1,2.89,1,1,0,0.0,1.1385671703414678e-05,0.0,0.0008928571428571428,1,15.01,63
Thiruvananthapuram,1,0.0,1,1,0,0.0,0.0,0.0,0.0008928571428571428,1,15.01,64
Alwar,1,0.0,1,0,0,0.0,0.0,0.0,0.0,1,15.0,65
Anand,1,0.0,1,0,0,0.0,0.0,0.0,0.0,1,15.0,66
Ernakulam,1,0.0,1,0,0,0.0,0.0,0.0,0.0,1,15.0,67
Kannur,1,0.24,1,0,0,0.0,9.455229096261323e-07,0.0,0.0,1,15.0,68
Guntur,1,1.31,1,0,0,0.0,5.1609792150426395e-06,0.0,0.0,1,15.0,69
Mohali,1,0.0,1,0,0,0.0,0.0,0.0,0.0,1,15.0,70
Worli,1,0.0,1,0,0,0.0,0.0,0.0,0.0,1,15.0,71
